_id,status,timestamp
ObjectId(652f0b412711e1893b3ca0b7),0,2023-10-17T22:31:29.058Z
ObjectId(652f0b692711e1893b3ca0ce),1,2023-10-17T22:32:09.139Z
ObjectId(652f0b732711e1893b3ca0d7),0,2023-10-17T22:32:19.151Z
ObjectId(652f0b872711e1893b3ca0e6),1,2023-10-17T22:32:39.229Z
ObjectId(652f0ba02711e1893b3ca0f0),0,2023-10-17T22:33:04.353Z
ObjectId(652f0baa2711e1893b3ca0f5),1,2023-10-17T22:33:14.280Z
ObjectId(652f0baf2711e1893b3ca0fb),0,2023-10-17T22:33:19.280Z
ObjectId(652f0bb42711e1893b3ca0ff),1,2023-10-17T22:33:24.422Z
ObjectId(652f0bb92711e1893b3ca103),0,2023-10-17T22:33:29.303Z
ObjectId(652f0bbe2711e1893b3ca106),1,2023-10-17T22:33:34.306Z
ObjectId(652f0bc32711e1893b3ca109),0,2023-10-17T22:33:39.332Z
ObjectId(652f0bc82711e1893b3ca10c),1,2023-10-17T22:33:44.493Z
ObjectId(652f0bcd2711e1893b3ca10f),0,2023-10-17T22:33:49.342Z
ObjectId(652f0be62711e1893b3ca11f),1,2023-10-17T22:34:14.469Z
ObjectId(652f0beb2711e1893b3ca125),0,2023-10-17T22:34:19.439Z
ObjectId(652f0bf02711e1893b3ca12b),1,2023-10-17T22:34:24.537Z
ObjectId(652f0bf52711e1893b3ca133),0,2023-10-17T22:34:29.454Z
ObjectId(652f0bff2711e1893b3ca13c),1,2023-10-17T22:34:39.474Z
ObjectId(652f0c042711e1893b3ca142),0,2023-10-17T22:34:44.600Z
ObjectId(652f0c092711e1893b3ca148),1,2023-10-17T22:34:49.497Z
ObjectId(652f0c0e2711e1893b3ca14e),0,2023-10-17T22:34:54.521Z
ObjectId(652f0c1d2711e1893b3ca15a),1,2023-10-17T22:35:09.540Z
ObjectId(652f0c5e2711e1893b3ca17c),0,2023-10-17T22:36:14.614Z
ObjectId(652f0c9f2711e1893b3ca185),1,2023-10-17T22:37:19.704Z
ObjectId(652f0cae2711e1893b3ca188),0,2023-10-17T22:37:34.725Z
ObjectId(652f0e812711e1893b3ca1c8),1,2023-10-17T22:45:21.190Z
ObjectId(652f0e862711e1893b3ca1cb),0,2023-10-17T22:45:26.336Z
ObjectId(652f0ea42711e1893b3ca1ce),1,2023-10-17T22:45:56.285Z
ObjectId(652f0ea92711e1893b3ca1d1),0,2023-10-17T22:46:01.299Z
ObjectId(652f0efe2711e1893b3ca1da),1,2023-10-17T22:47:26.662Z
ObjectId(652f0f032711e1893b3ca1dd),0,2023-10-17T22:47:31.580Z
ObjectId(652f0f492711e1893b3ca1e3),1,2023-10-17T22:48:41.792Z
ObjectId(652f0f4e2711e1893b3ca1e6),0,2023-10-17T22:48:46.937Z
ObjectId(652f0fb82711e1893b3ca1ef),1,2023-10-17T22:50:32.144Z
ObjectId(652f0fbd2711e1893b3ca1f2),0,2023-10-17T22:50:37.152Z
ObjectId(652f10c72711e1893b3ca268),1,2023-10-17T22:55:03.013Z
ObjectId(652f10cc2711e1893b3ca26d),0,2023-10-17T22:55:08.180Z
ObjectId(652f11082711e1893b3ca273),1,2023-10-17T22:56:08.382Z
ObjectId(652f11302711e1893b3ca279),0,2023-10-17T22:56:48.452Z
ObjectId(652f11d02711e1893b3ca29d),1,2023-10-17T22:59:28.898Z
ObjectId(652f11d52711e1893b3ca2a0),0,2023-10-17T22:59:33.765Z
ObjectId(652f12302711e1893b3ca2a6),1,2023-10-17T23:01:04.050Z
ObjectId(652f12352711e1893b3ca2a9),0,2023-10-17T23:01:09.242Z
ObjectId(652f123f2711e1893b3ca2ae),1,2023-10-17T23:01:19.081Z
ObjectId(652f12442711e1893b3ca2b2),0,2023-10-17T23:01:24.112Z
ObjectId(652f12532711e1893b3ca2b5),1,2023-10-17T23:01:39.140Z
ObjectId(652f12712711e1893b3ca2b8),0,2023-10-17T23:02:09.343Z
ObjectId(652f12ee2711e1893b3ca2c1),1,2023-10-17T23:04:14.574Z
ObjectId(652f12f82711e1893b3ca2c7),0,2023-10-17T23:04:24.591Z
